Patient ID,Sample ID,Cancer Type Detailed,Mutation Count,M,American Joint Committee on Cancer Publication Version Type,T,N,Stage,Neoplasm Histologic Type Name,Tumor Site
TCGA-2J-AAB1,TCGA-2J-AAB1-01,Pancreatic Adenocarcinoma,88,M0,7th,T3,N1,Stage IIB,Pancreas-Adenocarcinoma-Other Subtype,Head of Pancreas
TCGA-2J-AAB4,TCGA-2J-AAB4-01,Pancreatic Adenocarcinoma,38,M0,7th,T2,N1,Stage IIB,Pancreas-Adenocarcinoma-Other Subtype,Other (please specify)
TCGA-2J-AAB6,TCGA-2J-AAB6-01,Pancreatic Adenocarcinoma,71,M0,7th,T3,N0,Stage IIA,Pancreas-Adenocarcinoma Ductal Type,Body of Pancreas
TCGA-2J-AAB8,TCGA-2J-AAB8-01,Pancreatic Adenocarcinoma,63,M0,7th,T3,N1,Stage IIB,Pancreas-Adenocarcinoma Ductal Type,Head of Pancreas
TCGA-2J-AAB9,TCGA-2J-AAB9-01,Pancreatic Adenocarcinoma,30,M0,7th,T3,N1,Stage IIB,Pancreas-Adenocarcinoma Ductal Type,Head of Pancreas
TCGA-2J-AABA,TCGA-2J-AABA-01,Pancreatic Adenocarcinoma,40,M0,7th,T3,N1,Stage IIB,Pancreas-Adenocarcinoma Ductal Type,Head of Pancreas
TCGA-2J-AABE,TCGA-2J-AABE-01,Pancreatic Adenocarcinoma,39,M0,7th,T3,N0,Stage IIA,Pancreas-Adenocarcinoma Ductal Type,Body of Pancreas
TCGA-2J-AABF,TCGA-2J-AABF-01,Pancreatic Adenocarcinoma,57,M0,7th,T3,N1,Stage IIB,Pancreas-Adenocarcinoma Ductal Type,Head of Pancreas
TCGA-2J-AABH,TCGA-2J-AABH-01,Pancreatic Adenocarcinoma,39,M0,7th,T3,N0,Stage IIA,Pancreas-Adenocarcinoma-Other Subtype,Body of Pancreas
TCGA-2J-AABI,TCGA-2J-AABI-01,Pancreatic Adenocarcinoma,35,M0,7th,T3,N0,Stage IIA,Pancreas-Adenocarcinoma-Other Subtype,Head of Pancreas
TCGA-2J-AABK,TCGA-2J-AABK-01,Pancreatic Adenocarcinoma,45,M0,7th,T3,N1,Stage IIB,Pancreas-Adenocarcinoma Ductal Type,Other (please specify)
TCGA-2J-AABO,TCGA-2J-AABO-01,Pancreatic Adenocarcinoma,88,M0,7th,T3,N1,Stage IIB,Pancreas-Adenocarcinoma Ductal Type,Head of Pancreas
TCGA-2J-AABP,TCGA-2J-AABP-01,Undifferentiated Carcinoma of the Pancreas,,M0,7th,T3,N1,Stage IIB,Pancreas-Undifferentiated Carcinoma,Tail of Pancreas
TCGA-2J-AABR,TCGA-2J-AABR-01,Pancreatic Adenocarcinoma,29,M0,7th,T3,N0,Stage IIA,Pancreas-Adenocarcinoma Ductal Type,Other (please specify)
TCGA-2J-AABT,TCGA-2J-AABT-01,Pancreatic Adenocarcinoma,30,M0,7th,T3,N1,Stage IIB,Pancreas-Adenocarcinoma Ductal Type,Head of Pancreas
TCGA-2J-AABU,TCGA-2J-AABU-01,Pancreatic Adenocarcinoma,27,M0,7th,T3,N1,Stage IIB,Pancreas-Adenocarcinoma Ductal Type,Head of Pancreas
TCGA-2J-AABV,TCGA-2J-AABV-01,Pancreatic Adenocarcinoma,36,M0,7th,T3,N1,Stage IIB,Pancreas-Adenocarcinoma Ductal Type,Head of Pancreas
TCGA-2L-AAQA,TCGA-2L-AAQA-01,Pancreatic Adenocarcinoma,55,MX,7th,T3,N1,Stage IIB,Pancreas-Adenocarcinoma Ductal Type,Head of Pancreas
TCGA-2L-AAQE,TCGA-2L-AAQE-01,Pancreatic Adenocarcinoma,43,M0,7th,T3,N1,Stage IIB,Pancreas-Adenocarcinoma Ductal Type,Head of Pancreas
TCGA-2L-AAQI,TCGA-2L-AAQI-01,Pancreatic Adenocarcinoma,44,MX,7th,T3,N1,Stage IIB,Pancreas-Adenocarcinoma Ductal Type,Head of Pancreas
TCGA-2L-AAQJ,TCGA-2L-AAQJ-01,Pancreatic Adenocarcinoma,102,MX,7th,T4,N0,Stage III,Pancreas-Adenocarcinoma Ductal Type,Head of Pancreas
TCGA-2L-AAQL,TCGA-2L-AAQL-01,Pancreatic Adenocarcinoma,69,MX,7th,T3,N1,Stage IIB,Pancreas-Adenocarcinoma Ductal Type,Head of Pancreas
TCGA-2L-AAQM,TCGA-2L-AAQM-01,Pancreatic Neuroendocrine Tumor,,MX,7th,T3,N1,Stage IIB,Pancreas-Adenocarcinoma-Other Subtype,Other (please specify)
TCGA-3A-A9I5,TCGA-3A-A9I5-01,Pancreatic Adenocarcinoma,43,MX,6th,,N0,,Pancreas-Adenocarcinoma Ductal Type,Other (please specify)
TCGA-3A-A9I7,TCGA-3A-A9I7-01,Pancreatic Adenocarcinoma,23,MX,7th,T3,N1,Stage IIB,Pancreas-Adenocarcinoma Ductal Type,Head of Pancreas
TCGA-3A-A9I9,TCGA-3A-A9I9-01,Pancreatic Adenocarcinoma,93,MX,7th,T3,N0,Stage IIA,Pancreas-Adenocarcinoma Ductal Type,Head of Pancreas
TCGA-3A-A9IB,TCGA-3A-A9IB-01,Pancreatic Adenocarcinoma,46,MX,7th,T3,N1,Stage IIB,Pancreas-Adenocarcinoma Ductal Type,Head of Pancreas
TCGA-3A-A9IC,TCGA-3A-A9IC-01,Pancreatic Adenocarcinoma,46,MX,7th,T3,N1,Stage IIB,Pancreas-Adenocarcinoma Ductal Type,Head of Pancreas
TCGA-3A-A9IH,TCGA-3A-A9IH-01,Pancreatic Adenocarcinoma,58,MX,7th,T1,N0,Stage IA,Pancreas-Adenocarcinoma Ductal Type,Body of Pancreas
TCGA-3A-A9IJ,TCGA-3A-A9IJ-01,Pancreatic Neuroendocrine Tumor,,MX,6th,T2,N0,Stage IB,Pancreas-Adenocarcinoma-Other Subtype,Head of Pancreas
TCGA-3A-A9IL,TCGA-3A-A9IL-01,Pancreatic Neuroendocrine Tumor,,MX,6th,T1,,Stage I,Pancreas-Adenocarcinoma-Other Subtype,Head of Pancreas
TCGA-3A-A9IN,TCGA-3A-A9IN-01,Pancreatic Neuroendocrine Tumor,,MX,6th,T2,NX,Stage IB,Pancreas-Adenocarcinoma-Other Subtype,Body of Pancreas
TCGA-3A-A9IO,TCGA-3A-A9IO-01,Pancreatic Neuroendocrine Tumor,,MX,6th,TX,NX,,Pancreas-Adenocarcinoma-Other Subtype,Body of Pancreas
TCGA-3A-A9IR,TCGA-3A-A9IR-01,Pancreatic Neuroendocrine Tumor,,MX,7th,T2,N0,Stage IB,Pancreas-Adenocarcinoma-Other Subtype,Tail of Pancreas
TCGA-3A-A9IS,TCGA-3A-A9IS-01,Pancreatic Neuroendocrine Tumor,,MX,7th,T2,N0,Stage IB,Pancreas-Adenocarcinoma-Other Subtype,Body of Pancreas
TCGA-3A-A9IU,TCGA-3A-A9IU-01,Pancreatic Adenocarcinoma,50,MX,7th,T3,N1,Stage IIB,Pancreas-Adenocarcinoma Ductal Type,Head of Pancreas
TCGA-3A-A9IV,TCGA-3A-A9IV-01,Pancreatic Neuroendocrine Tumor,,MX,7th,T2,N0,Stage IB,Pancreas-Adenocarcinoma-Other Subtype,Tail of Pancreas
TCGA-3A-A9IX,TCGA-3A-A9IX-01,Pancreatic Adenocarcinoma,40,MX,7th,T1,N0,Stage IA,Pancreas-Adenocarcinoma Ductal Type,Head of Pancreas
TCGA-3A-A9IZ,TCGA-3A-A9IZ-01,Pancreatic Adenocarcinoma,61,MX,7th,T3,N1,Stage IIB,Pancreas-Adenocarcinoma Ductal Type,Head of Pancreas
TCGA-3A-A9J0,TCGA-3A-A9J0-01,Pancreatic Adenocarcinoma,84,MX,7th,T3,N1,Stage IIB,Pancreas-Adenocarcinoma Ductal Type,Head of Pancreas
TCGA-3E-AAAY,TCGA-3E-AAAY-01,Pancreatic Adenocarcinoma,31,MX,6th,T3,N1,Stage IIB,Pancreas-Adenocarcinoma Ductal Type,Other (please specify)
TCGA-3E-AAAZ,TCGA-3E-AAAZ-01,Pancreatic Adenocarcinoma,50,MX,6th,T3,N0,Stage IIA,Pancreas-Adenocarcinoma Ductal Type,Head of Pancreas
TCGA-F2-6879,TCGA-F2-6879-01,Pancreatic Adenocarcinoma,35,M0,6th,T3,N1,Stage IIB,Pancreas-Adenocarcinoma-Other Subtype,Head of Pancreas
TCGA-F2-6880,TCGA-F2-6880-01,Pancreatic Adenocarcinoma,,M0,6th,T3,N1,Stage IIB,Pancreas-Adenocarcinoma Ductal Type,Head of Pancreas
TCGA-F2-7273,TCGA-F2-7273-01,Pancreatic Adenocarcinoma,,M0,7th,T3,N1,Stage IIB,Pancreas-Adenocarcinoma Ductal Type,Head of Pancreas
TCGA-F2-7276,TCGA-F2-7276-01,Pancreatic Adenocarcinoma,,M0,7th,T3,N1,Stage IIB,Pancreas-Adenocarcinoma Ductal Type,Head of Pancreas
TCGA-F2-A44G,TCGA-F2-A44G-01,Pancreatic Adenocarcinoma,37,M0,7th,T3,N1,Stage IIB,Pancreas-Adenocarcinoma Ductal Type,Head of Pancreas
TCGA-F2-A44H,TCGA-F2-A44H-01,Pancreatic Adenocarcinoma,15,M0,7th,T3,N0,Stage IIA,Pancreas-Adenocarcinoma Ductal Type,Head of Pancreas
TCGA-F2-A7TX,TCGA-F2-A7TX-01,Pancreatic Adenocarcinoma,48,M0,7th,T3,N1,Stage IIB,Pancreas-Adenocarcinoma Ductal Type,Head of Pancreas
TCGA-F2-A8YN,TCGA-F2-A8YN-01,Pancreatic Adenocarcinoma,83,M0,7th,T3,N0,Stage IIA,Pancreas-Adenocarcinoma Ductal Type,Head of Pancreas
TCGA-FB-A4P5,TCGA-FB-A4P5-01,Pancreatic Adenocarcinoma,38,MX,7th,T3,N1,Stage IIB,Pancreas-Adenocarcinoma Ductal Type,Head of Pancreas
TCGA-FB-A4P6,TCGA-FB-A4P6-01,Pancreatic Adenocarcinoma,2,MX,7th,T3,N1,Stage IIB,Pancreas-Adenocarcinoma Ductal Type,Head of Pancreas
TCGA-FB-A545,TCGA-FB-A545-01,Pancreatic Adenocarcinoma,35,M0,7th,T3,N1,Stage IIB,Pancreas-Adenocarcinoma Ductal Type,Body of Pancreas
TCGA-FB-A5VM,TCGA-FB-A5VM-01,Pancreatic Adenocarcinoma,53,M0,7th,T2,N0,Stage IB,Pancreas-Adenocarcinoma Ductal Type,Head of Pancreas
TCGA-FB-A78T,TCGA-FB-A78T-01,Pancreatic Adenocarcinoma,78,M0,7th,T3,N1,Stage IIB,Pancreas-Adenocarcinoma Ductal Type,Head of Pancreas
TCGA-FB-A7DR,TCGA-FB-A7DR-01,Pancreatic Adenocarcinoma,,M0,7th,T3,NX,Stage IIA,Pancreas-Colloid (mucinous non-cystic) Carcinoma,Head of Pancreas
TCGA-FB-AAPP,TCGA-FB-AAPP-01,Pancreatic Adenocarcinoma,,MX,7th,T3,N1,Stage IIB,Pancreas-Adenocarcinoma Ductal Type,Head of Pancreas
TCGA-FB-AAPQ,TCGA-FB-AAPQ-01,Pancreatic Adenocarcinoma,41,MX,7th,T3,N1,Stage IIB,Pancreas-Adenocarcinoma Ductal Type,Head of Pancreas
TCGA-FB-AAPS,TCGA-FB-AAPS-01,Pancreatic Adenocarcinoma,46,MX,7th,T2,N1,Stage IIB,Pancreas-Adenocarcinoma Ductal Type,Head of Pancreas
TCGA-FB-AAPU,TCGA-FB-AAPU-01,Pancreatic Adenocarcinoma,86,MX,7th,T3,N0,Stage IIA,Pancreas-Adenocarcinoma Ductal Type,Head of Pancreas
TCGA-FB-AAPY,TCGA-FB-AAPY-01,Pancreatic Adenocarcinoma,41,MX,7th,T2,N1,Stage IIB,Pancreas-Adenocarcinoma Ductal Type,Head of Pancreas
TCGA-FB-AAPZ,TCGA-FB-AAPZ-01,Pancreatic Adenocarcinoma,41,MX,7th,T2,N1,Stage IIB,Pancreas-Adenocarcinoma Ductal Type,Head of Pancreas
TCGA-FB-AAQ0,TCGA-FB-AAQ0-01,Pancreatic Adenocarcinoma,55,MX,7th,T3,N0,Stage IIA,Pancreas-Adenocarcinoma Ductal Type,Head of Pancreas
TCGA-FB-AAQ1,TCGA-FB-AAQ1-01,Pancreatic Adenocarcinoma,41,MX,7th,T3,N1,Stage IIB,Pancreas-Adenocarcinoma Ductal Type,Head of Pancreas
TCGA-FB-AAQ2,TCGA-FB-AAQ2-01,Pancreatic Adenocarcinoma,49,MX,7th,T3,N1,Stage IIB,Pancreas-Adenocarcinoma Ductal Type,Head of Pancreas
TCGA-FB-AAQ3,TCGA-FB-AAQ3-01,Pancreatic Adenocarcinoma,44,MX,7th,T3,N1,Stage IIB,Pancreas-Adenocarcinoma Ductal Type,Head of Pancreas
TCGA-FB-AAQ6,TCGA-FB-AAQ6-01,Pancreatic Adenocarcinoma,67,MX,7th,T1,N0,Stage IA,Pancreas-Adenocarcinoma Ductal Type,Tail of Pancreas
TCGA-FZ-5919,TCGA-FZ-5919-01,Pancreatic Adenocarcinoma,,MX,6th,T3,N1,Stage IIB,Pancreas-Adenocarcinoma Ductal Type,Head of Pancreas
TCGA-FZ-5920,TCGA-FZ-5920-01,Pancreatic Adenocarcinoma,,M0,6th,T3,N1,Stage IIB,Pancreas-Adenocarcinoma Ductal Type,Head of Pancreas
TCGA-FZ-5921,TCGA-FZ-5921-01,Pancreatic Adenocarcinoma,,M0,6th,T3,N1,Stage IIB,Pancreas-Adenocarcinoma Ductal Type,Head of Pancreas
TCGA-FZ-5922,TCGA-FZ-5922-01,Pancreatic Adenocarcinoma,,M0,6th,T3,N0,Stage IIA,Pancreas-Adenocarcinoma Ductal Type,Head of Pancreas
TCGA-FZ-5923,TCGA-FZ-5923-01,Pancreatic Adenocarcinoma,,M1,6th,T4,N1,Stage IV,Pancreas-Adenocarcinoma Ductal Type,Head of Pancreas
TCGA-FZ-5924,TCGA-FZ-5924-01,Pancreatic Adenocarcinoma,,M0,6th,T3,N1,Stage IIA,Pancreas-Adenocarcinoma Ductal Type,Head of Pancreas
TCGA-FZ-5926,TCGA-FZ-5926-01,Pancreatic Adenocarcinoma,,M0,5th,T3,N1,Stage III,Pancreas-Adenocarcinoma Ductal Type,Head of Pancreas
TCGA-H6-8124,TCGA-H6-8124-01,Pancreatic Adenocarcinoma,36,M0,7th,T3,N1,Stage IIB,Pancreas-Adenocarcinoma Ductal Type,Head of Pancreas
TCGA-H6-A45N,TCGA-H6-A45N-01,Pancreatic Adenocarcinoma,37,MX,7th,T3,N1,Stage IIB,Pancreas-Adenocarcinoma-Other Subtype,Tail of Pancreas
TCGA-H8-A6C1,TCGA-H8-A6C1-01,Pancreatic Adenocarcinoma,,MX,7th,T3,N0,Stage IIA,Pancreas-Adenocarcinoma-Other Subtype,Head of Pancreas
TCGA-HV-A5A3,TCGA-HV-A5A3-01,Pancreatic Adenocarcinoma,29,MX,7th,T3,NX,Stage IIA,Pancreas-Adenocarcinoma Ductal Type,Body of Pancreas
TCGA-HV-A5A4,TCGA-HV-A5A4-01,Pancreatic Adenocarcinoma,35,MX,7th,T3,N0,Stage IIA,Pancreas-Adenocarcinoma Ductal Type,Body of Pancreas
TCGA-HV-A5A5,TCGA-HV-A5A5-01,Pancreatic Adenocarcinoma,28,M0,7th,T3,N1,Stage IIB,Pancreas-Adenocarcinoma Ductal Type,Head of Pancreas
TCGA-HV-A5A6,TCGA-HV-A5A6-01,Pancreatic Adenocarcinoma,46,M0,7th,T3,N1b,Stage IIB,Pancreas-Adenocarcinoma Ductal Type,Head of Pancreas
TCGA-HV-A7OL,TCGA-HV-A7OL-01,Pancreatic Adenocarcinoma,85,MX,7th,T3,N0,Stage IIA,Pancreas-Adenocarcinoma Ductal Type,Head of Pancreas
TCGA-HV-A7OP,TCGA-HV-A7OP-01,Pancreatic Adenocarcinoma,,M0,7th,T3,N1,Stage IIB,Pancreas-Adenocarcinoma-Other Subtype,Head of Pancreas
TCGA-HV-AA8V,TCGA-HV-AA8V-01,Pancreatic Adenocarcinoma,34,MX,7th,T3,N1,Stage IIB,Pancreas-Adenocarcinoma Ductal Type,Head of Pancreas
TCGA-HV-AA8X,TCGA-HV-AA8X-01,Pancreatic Adenocarcinoma,57,MX,7th,T2,N1,Stage IIB,Pancreas-Adenocarcinoma Ductal Type,Body of Pancreas
TCGA-HZ-7289,TCGA-HZ-7289-01,Pancreatic Adenocarcinoma,,MX,7th,T3,N1,Stage IIB,Pancreas-Adenocarcinoma-Other Subtype,Head of Pancreas
TCGA-HZ-7918,TCGA-HZ-7918-01,Pancreatic Adenocarcinoma,,M0,7th,T3,N1,Stage IIB,Pancreas-Adenocarcinoma Ductal Type,Head of Pancreas
TCGA-HZ-7919,TCGA-HZ-7919-01,Pancreatic Adenocarcinoma,58,M0,7th,T3,N1,Stage IIB,Pancreas-Adenocarcinoma Ductal Type,Head of Pancreas
TCGA-HZ-7920,TCGA-HZ-7920-01,Pancreatic Adenocarcinoma,,MX,7th,T2,N0,Stage IB,Pancreas-Adenocarcinoma Ductal Type,Head of Pancreas
TCGA-HZ-7922,TCGA-HZ-7922-01,Pancreatic Adenocarcinoma,43,MX,7th,T3,N1,Stage IIB,Pancreas-Adenocarcinoma Ductal Type,Head of Pancreas
TCGA-HZ-7923,TCGA-HZ-7923-01,Pancreatic Adenocarcinoma,,MX,7th,T3,N0,Stage IIA,Pancreas-Adenocarcinoma Ductal Type,Head of Pancreas
TCGA-HZ-7924,TCGA-HZ-7924-01,Pancreatic Adenocarcinoma,,MX,7th,T3,N0,Stage IIA,Pancreas-Adenocarcinoma Ductal Type,Head of Pancreas
TCGA-HZ-7925,TCGA-HZ-7925-01,Pancreatic Adenocarcinoma,14,MX,7th,T3,N1,Stage IIB,Pancreas-Adenocarcinoma Ductal Type,Head of Pancreas
TCGA-HZ-7926,TCGA-HZ-7926-01,Pancreatic Adenocarcinoma,33,MX,7th,T3,N1,Stage IIB,Pancreas-Adenocarcinoma Ductal Type,Head of Pancreas
TCGA-HZ-8001,TCGA-HZ-8001-01,Pancreatic Adenocarcinoma,47,MX,7th,T4,N0,Stage III,Pancreas-Adenocarcinoma Ductal Type,Head of Pancreas
TCGA-HZ-8002,TCGA-HZ-8002-01,Pancreatic Adenocarcinoma,28,MX,7th,T3,N1,Stage IIB,Pancreas-Adenocarcinoma Ductal Type,Head of Pancreas
TCGA-HZ-8003,TCGA-HZ-8003-01,Pancreatic Adenocarcinoma,37,MX,7th,T3,N1,Stage IIB,Pancreas-Adenocarcinoma Ductal Type,Head of Pancreas
TCGA-HZ-8005,TCGA-HZ-8005-01,Pancreatic Adenocarcinoma,56,MX,7th,T3,N1,Stage IIB,Pancreas-Adenocarcinoma Ductal Type,Other (please specify)
TCGA-HZ-8315,TCGA-HZ-8315-01,Pancreatic Adenocarcinoma,53,MX,7th,T3,N0,Stage IIA,Pancreas-Adenocarcinoma Ductal Type,Head of Pancreas
TCGA-HZ-8317,TCGA-HZ-8317-01,Pancreatic Adenocarcinoma,42,MX,7th,T3,N1,Stage IIB,Pancreas-Adenocarcinoma Ductal Type,Head of Pancreas
TCGA-HZ-8519,TCGA-HZ-8519-01,Pancreatic Adenocarcinoma,18,MX,7th,T1,N0,Stage IA,Pancreas-Adenocarcinoma-Other Subtype,Head of Pancreas
TCGA-HZ-8636,TCGA-HZ-8636-01,Pancreatic Adenocarcinoma,54,M1,7th,T3,N0,Stage IV,Pancreas-Adenocarcinoma Ductal Type,Tail of Pancreas
TCGA-HZ-8637,TCGA-HZ-8637-01,Pancreatic Adenocarcinoma,54,MX,7th,T3,N1,Stage IIB,Pancreas-Adenocarcinoma Ductal Type,Head of Pancreas
TCGA-HZ-8638,TCGA-HZ-8638-01,Pancreatic Adenocarcinoma,,MX,7th,T1,N0,Stage IA,Pancreas-Colloid (mucinous non-cystic) Carcinoma,Head of Pancreas
TCGA-HZ-A49G,TCGA-HZ-A49G-01,Pancreatic Adenocarcinoma,35,MX,7th,T2,N1,Stage IIB,Pancreas-Adenocarcinoma Ductal Type,Head of Pancreas
TCGA-HZ-A49H,TCGA-HZ-A49H-01,Pancreatic Adenocarcinoma,19,MX,7th,T3,N1,Stage IIB,Pancreas-Adenocarcinoma Ductal Type,Head of Pancreas
TCGA-HZ-A49I,TCGA-HZ-A49I-01,Pancreatic Adenocarcinoma,46,MX,7th,T3,N1,Stage IIB,Pancreas-Adenocarcinoma Ductal Type,Head of Pancreas
TCGA-HZ-A4BH,TCGA-HZ-A4BH-01,Pancreatic Adenocarcinoma,58,MX,7th,T3,N1b,Stage IIB,Pancreas-Adenocarcinoma Ductal Type,Head of Pancreas
TCGA-HZ-A4BK,TCGA-HZ-A4BK-01,Pancreatic Adenocarcinoma,51,MX,7th,T3,N1,Stage IIB,Pancreas-Adenocarcinoma-Other Subtype,Head of Pancreas
TCGA-HZ-A77O,TCGA-HZ-A77O-01,Pancreatic Adenocarcinoma,30,MX,7th,T2,N1,Stage IIB,Pancreas-Adenocarcinoma Ductal Type,Head of Pancreas
TCGA-HZ-A77P,TCGA-HZ-A77P-01,Pancreatic Adenocarcinoma,43,MX,7th,T3,N1,Stage IIB,Pancreas-Adenocarcinoma-Other Subtype,Head of Pancreas
TCGA-HZ-A77Q,TCGA-HZ-A77Q-01,Pancreatic Adenocarcinoma,164,MX,7th,T3,N1,Stage IIB,Pancreas-Adenocarcinoma-Other Subtype,Head of Pancreas
TCGA-HZ-A8P0,TCGA-HZ-A8P0-01,Pancreatic Adenocarcinoma,55,MX,7th,T3,N1,Stage IIB,Pancreas-Adenocarcinoma Ductal Type,Head of Pancreas
TCGA-HZ-A8P1,TCGA-HZ-A8P1-01,Pancreatic Adenocarcinoma,61,MX,7th,T2,N0,Stage IB,Pancreas-Adenocarcinoma Ductal Type,Tail of Pancreas
TCGA-HZ-A9TJ,TCGA-HZ-A9TJ-01,Pancreatic Adenocarcinoma,84,M1,7th,T3,N0,Stage IV,Pancreas-Adenocarcinoma-Other Subtype,Tail of Pancreas
TCGA-HZ-A9TJ,TCGA-HZ-A9TJ-06,Pancreas,,M1,7th,T3,N0,Stage IV,Pancreas-Adenocarcinoma-Other Subtype,Tail of Pancreas
TCGA-IB-7644,TCGA-IB-7644-01,Pancreatic Adenocarcinoma,28,M1,7th,T3,N1,Stage IV,Pancreas-Adenocarcinoma Ductal Type,Head of Pancreas
TCGA-IB-7645,TCGA-IB-7645-01,Pancreatic Adenocarcinoma,49,M0,6th,T3,N1,Stage IIB,Pancreas-Adenocarcinoma Ductal Type,Head of Pancreas
TCGA-IB-7646,TCGA-IB-7646-01,Pancreatic Adenocarcinoma,55,M0,6th,T3,N1,Stage IIB,Pancreas-Adenocarcinoma Ductal Type,Head of Pancreas
TCGA-IB-7647,TCGA-IB-7647-01,Pancreatic Adenocarcinoma,60,M0,6th,T3,N1,Stage IIB,Pancreas-Adenocarcinoma Ductal Type,Head of Pancreas
TCGA-IB-7649,TCGA-IB-7649-01,Pancreatic Adenocarcinoma,38,M0,6th,T3,N1,Stage IIB,Pancreas-Adenocarcinoma Ductal Type,Head of Pancreas
TCGA-IB-7651,TCGA-IB-7651-01,Pancreatic Adenocarcinoma,14750,M0,6th,T3,N1,Stage IIB,Pancreas-Adenocarcinoma Ductal Type,Head of Pancreas
TCGA-IB-7652,TCGA-IB-7652-01,Pancreatic Adenocarcinoma,86,M0,7th,T3,N1,Stage IIB,Pancreas-Adenocarcinoma Ductal Type,Body of Pancreas
TCGA-IB-7654,TCGA-IB-7654-01,Pancreatic Adenocarcinoma,,M0,7th,T2,N1,Stage IIB,Pancreas-Adenocarcinoma Ductal Type,Head of Pancreas
TCGA-IB-7885,TCGA-IB-7885-01,Pancreatic Adenocarcinoma,33,M0,7th,T3,N1,Stage IIB,Pancreas-Adenocarcinoma Ductal Type,Head of Pancreas
TCGA-IB-7886,TCGA-IB-7886-01,Pancreatic Adenocarcinoma,40,M0,7th,T3,N1,Stage IIB,Pancreas-Adenocarcinoma Ductal Type,Head of Pancreas
TCGA-IB-7887,TCGA-IB-7887-01,Pancreatic Adenocarcinoma,23,M0,7th,T3,N1,Stage IIB,Pancreas-Adenocarcinoma Ductal Type,Head of Pancreas
TCGA-IB-7888,TCGA-IB-7888-01,Pancreatic Adenocarcinoma,61,M0,6th,T3,N0,Stage IIA,Pancreas-Adenocarcinoma Ductal Type,Head of Pancreas
TCGA-IB-7889,TCGA-IB-7889-01,Pancreatic Adenocarcinoma,40,M0,7th,T3,N1,Stage IIB,Pancreas-Adenocarcinoma Ductal Type,Head of Pancreas
TCGA-IB-7890,TCGA-IB-7890-01,Pancreatic Adenocarcinoma,62,M0,6th,T2,N0,Stage IB,Pancreas-Adenocarcinoma Ductal Type,Tail of Pancreas
TCGA-IB-7891,TCGA-IB-7891-01,Pancreatic Adenocarcinoma,30,M0,7th,T3,N1,Stage IIB,Pancreas-Adenocarcinoma Ductal Type,Head of Pancreas
TCGA-IB-7893,TCGA-IB-7893-01,Pancreatic Adenocarcinoma,41,M0,6th,T3,N0,Stage IIA,Pancreas-Adenocarcinoma Ductal Type,Body of Pancreas
TCGA-IB-7897,TCGA-IB-7897-01,Pancreatic Adenocarcinoma,28,M0,6th,T3,N1,Stage IIB,Pancreas-Adenocarcinoma Ductal Type,Head of Pancreas
TCGA-IB-8126,TCGA-IB-8126-01,Pancreatic Adenocarcinoma,36,M0,7th,T4,N1,Stage III,Pancreas-Adenocarcinoma Ductal Type,Head of Pancreas
TCGA-IB-8127,TCGA-IB-8127-01,Pancreatic Adenocarcinoma,40,M0,7th,T3,N1,Stage IIB,Pancreas-Adenocarcinoma Ductal Type,Head of Pancreas
TCGA-IB-A5SO,TCGA-IB-A5SO-01,Pancreatic Adenocarcinoma,55,M0,7th,T3,N1,Stage IIB,Pancreas-Adenocarcinoma Ductal Type,Head of Pancreas
TCGA-IB-A5SP,TCGA-IB-A5SP-01,Pancreatic Adenocarcinoma,68,M0,7th,T3,N0,Stage IIA,Pancreas-Adenocarcinoma Ductal Type,Head of Pancreas
TCGA-IB-A5SQ,TCGA-IB-A5SQ-01,Pancreatic Adenocarcinoma,47,M0,7th,T2,N0,Stage IB,Pancreas-Adenocarcinoma Ductal Type,Head of Pancreas
TCGA-IB-A5SS,TCGA-IB-A5SS-01,Pancreatic Adenocarcinoma,57,M0,7th,T3,N1,Stage IIB,Pancreas-Adenocarcinoma Ductal Type,Tail of Pancreas
TCGA-IB-A5ST,TCGA-IB-A5ST-01,Pancreatic Adenocarcinoma,50,M0,7th,T3,N1,Stage IIB,Pancreas-Adenocarcinoma Ductal Type,Head of Pancreas
TCGA-IB-A6UF,TCGA-IB-A6UF-01,Pancreatic Adenocarcinoma,79,M0,7th,T3,N1,Stage IIB,Pancreas-Adenocarcinoma Ductal Type,Head of Pancreas
TCGA-IB-A6UG,TCGA-IB-A6UG-01,Pancreatic Adenocarcinoma,91,M0,7th,T3,N1,Stage IIB,Pancreas-Adenocarcinoma Ductal Type,Head of Pancreas
TCGA-IB-A7LX,TCGA-IB-A7LX-01,Pancreatic Adenocarcinoma,87,MX,7th,T3,N1,Stage IIB,Pancreas-Adenocarcinoma Ductal Type,Head of Pancreas
TCGA-IB-A7M4,TCGA-IB-A7M4-01,Pancreatic Adenocarcinoma,71,MX,7th,T3,N1,Stage IIB,Pancreas-Adenocarcinoma Ductal Type,Body of Pancreas
TCGA-IB-AAUM,TCGA-IB-AAUM-01,Pancreatic Adenocarcinoma,32,M0,7th,T2,N1,Stage IIB,Pancreas-Adenocarcinoma Ductal Type,Head of Pancreas
TCGA-IB-AAUN,TCGA-IB-AAUN-01,Pancreatic Adenocarcinoma,42,M0,7th,T2,N0,Stage IB,Pancreas-Adenocarcinoma Ductal Type,Head of Pancreas
TCGA-IB-AAUO,TCGA-IB-AAUO-01,Pancreatic Adenocarcinoma,55,M0,7th,T3,N1,Stage IIB,Pancreas-Adenocarcinoma Ductal Type,Head of Pancreas
TCGA-IB-AAUP,TCGA-IB-AAUP-01,Pancreatic Adenocarcinoma,52,M0,7th,T3,N1,Stage IIB,Pancreas-Adenocarcinoma Ductal Type,Head of Pancreas
TCGA-IB-AAUQ,TCGA-IB-AAUQ-01,Pancreatic Adenocarcinoma,53,M0,7th,T3,N1,Stage IIB,Pancreas-Adenocarcinoma Ductal Type,Tail of Pancreas
TCGA-IB-AAUR,TCGA-IB-AAUR-01,Pancreatic Adenocarcinoma,40,M0,7th,T3,N1,Stage IIB,Pancreas-Adenocarcinoma Ductal Type,Head of Pancreas
TCGA-IB-AAUS,TCGA-IB-AAUS-01,Pancreatic Adenocarcinoma,30,M0,7th,T3,N1,Stage IIB,Pancreas-Adenocarcinoma Ductal Type,Other (please specify)
TCGA-IB-AAUT,TCGA-IB-AAUT-01,Pancreatic Adenocarcinoma,32,M0,7th,T2,N1,Stage IIB,Pancreas-Colloid (mucinous non-cystic) Carcinoma,Head of Pancreas
TCGA-IB-AAUU,TCGA-IB-AAUU-01,Pancreatic Adenocarcinoma,59,M0,7th,T3,N1,Stage IIB,Pancreas-Adenocarcinoma Ductal Type,Head of Pancreas
TCGA-IB-AAUV,TCGA-IB-AAUV-01,Pancreatic Adenocarcinoma,,M0,7th,T3,N1,Stage IIB,Pancreas-Adenocarcinoma Ductal Type,Head of Pancreas
TCGA-IB-AAUW,TCGA-IB-AAUW-01,Pancreatic Adenocarcinoma,,M0,7th,T3,N1,Stage IIB,Pancreas-Adenocarcinoma Ductal Type,Head of Pancreas
TCGA-L1-A7W4,TCGA-L1-A7W4-01,Pancreatic Adenocarcinoma,,M0,7th,T3,N1,Stage IIB,Pancreas-Adenocarcinoma Ductal Type,Head of Pancreas
TCGA-LB-A7SX,TCGA-LB-A7SX-01,Pancreatic Adenocarcinoma,118,MX,7th,T3,N1,Stage IIB,Pancreas-Adenocarcinoma Ductal Type,Head of Pancreas
TCGA-LB-A8F3,TCGA-LB-A8F3-01,Pancreatic Adenocarcinoma,54,MX,7th,T3,N0,Stage IIA,Pancreas-Adenocarcinoma Ductal Type,Head of Pancreas
TCGA-LB-A9Q5,TCGA-LB-A9Q5-01,Pancreatic Adenocarcinoma,56,MX,7th,T3,N1,Stage IIB,Pancreas-Adenocarcinoma Ductal Type,Head of Pancreas
TCGA-M8-A5N4,TCGA-M8-A5N4-01,Pancreatic Adenocarcinoma,30,M0,6th,T3,N0,Stage IIA,Pancreas-Adenocarcinoma Ductal Type,Head of Pancreas
TCGA-OE-A75W,TCGA-OE-A75W-01,Pancreatic Adenocarcinoma,134,M0,7th,T3,N0,Stage IIA,Pancreas-Adenocarcinoma Ductal Type,Tail of Pancreas
TCGA-PZ-A5RE,TCGA-PZ-A5RE-01,Pancreatic Adenocarcinoma,30,MX,7th,T3,N1,Stage IIB,Pancreas-Adenocarcinoma Ductal Type,Head of Pancreas
TCGA-Q3-A5QY,TCGA-Q3-A5QY-01,Pancreatic Adenocarcinoma,36,MX,7th,T3,N1,Stage IIB,Pancreas-Adenocarcinoma Ductal Type,Head of Pancreas
TCGA-Q3-AA2A,TCGA-Q3-AA2A-01,Pancreatic Adenocarcinoma,29,MX,7th,T3,N1,Stage IB,Pancreas-Adenocarcinoma Ductal Type,Head of Pancreas
TCGA-RB-A7B8,TCGA-RB-A7B8-01,Pancreatic Adenocarcinoma,80,MX,7th,T3,N1,Stage IIB,Pancreas-Adenocarcinoma-Other Subtype,Head of Pancreas
TCGA-RB-AA9M,TCGA-RB-AA9M-01,Pancreatic Adenocarcinoma,42,MX,7th,T1,N1,Stage IIB,Pancreas-Adenocarcinoma Ductal Type,Tail of Pancreas
TCGA-RL-AAAS,TCGA-RL-AAAS-01,Pancreatic Adenocarcinoma,,M0,7th,T2,N0,Stage IB,Pancreas-Adenocarcinoma Ductal Type,Head of Pancreas
TCGA-S4-A8RM,TCGA-S4-A8RM-01,Pancreatic Adenocarcinoma,51,MX,7th,T3,N1,Stage IIB,Pancreas-Adenocarcinoma Ductal Type,Other (please specify)
TCGA-S4-A8RO,TCGA-S4-A8RO-01,Pancreatic Adenocarcinoma,57,MX,7th,T3,N1,Stage IIB,Pancreas-Adenocarcinoma Ductal Type,Head of Pancreas
TCGA-S4-A8RP,TCGA-S4-A8RP-01,Pancreatic Adenocarcinoma,33,MX,7th,T3,N1,Stage IIB,Pancreas-Adenocarcinoma Ductal Type,Head of Pancreas
TCGA-US-A774,TCGA-US-A774-01,Pancreatic Adenocarcinoma,63,MX,7th,T3,N1,Stage IIB,Pancreas-Adenocarcinoma Ductal Type,Head of Pancreas
TCGA-US-A776,TCGA-US-A776-01,Pancreatic Adenocarcinoma,126,MX,7th,T3,N0,Stage IIA,Pancreas-Colloid (mucinous non-cystic) Carcinoma,Head of Pancreas
TCGA-US-A779,TCGA-US-A779-01,Pancreatic Adenocarcinoma,61,MX,7th,T3,N1b,Stage IIB,Pancreas-Adenocarcinoma Ductal Type,Head of Pancreas
TCGA-US-A77E,TCGA-US-A77E-01,Pancreatic Adenocarcinoma,89,MX,7th,T3,N1,Stage IIB,Pancreas-Adenocarcinoma-Other Subtype,Head of Pancreas
TCGA-US-A77G,TCGA-US-A77G-01,Pancreatic Adenocarcinoma,57,MX,7th,T3,N1,Stage IIB,Pancreas-Adenocarcinoma Ductal Type,Head of Pancreas
TCGA-US-A77J,TCGA-US-A77J-01,Pancreatic Adenocarcinoma,,MX,7th,T3,N1b,Stage IIB,Pancreas-Adenocarcinoma Ductal Type,Head of Pancreas
TCGA-XD-AAUG,TCGA-XD-AAUG-01,Pancreatic Adenocarcinoma,28,M1,7th,T3,N1,Stage IV,Pancreas-Adenocarcinoma Ductal Type,Other (please specify)
TCGA-XD-AAUH,TCGA-XD-AAUH-01,Pancreatic Adenocarcinoma,28,M0,7th,T3,N1,Stage IIB,Pancreas-Adenocarcinoma Ductal Type,Head of Pancreas
TCGA-XD-AAUI,TCGA-XD-AAUI-01,Pancreatic Adenocarcinoma,48,MX,7th,T3,N1,Stage IIB,Pancreas-Adenocarcinoma Ductal Type,Head of Pancreas
TCGA-XD-AAUL,TCGA-XD-AAUL-01,Pancreatic Adenocarcinoma,48,MX,7th,T3,N0,Stage IIA,Pancreas-Adenocarcinoma Ductal Type,Head of Pancreas
TCGA-XN-A8T3,TCGA-XN-A8T3-01,Pancreatic Adenocarcinoma,97,M0,7th,T2,N0,Stage IB,Pancreas-Adenocarcinoma Ductal Type,Head of Pancreas
TCGA-XN-A8T5,TCGA-XN-A8T5-01,Pancreatic Adenocarcinoma,27,M0,7th,T2,N0,Stage IB,Pancreas-Adenocarcinoma-Other Subtype,Head of Pancreas
TCGA-YB-A89D,TCGA-YB-A89D-01,Pancreatic Adenocarcinoma,87,MX,7th,T3,N1,Stage IIB,Pancreas-Adenocarcinoma Ductal Type,Head of Pancreas
TCGA-YH-A8SY,TCGA-YH-A8SY-01,Pancreatic Adenocarcinoma,62,MX,7th,T3,N1,,,Head of Pancreas
TCGA-YY-A8LH,TCGA-YY-A8LH-01,Pancreatic Adenocarcinoma,104,MX,6th,T3,N1,Stage IIB,Pancreas-Adenocarcinoma Ductal Type,Tail of Pancreas
TCGA-Z5-AAPL,TCGA-Z5-AAPL-01,Pancreatic Adenocarcinoma,36,M0,7th,T3,N0,Stage IIA,Pancreas-Adenocarcinoma Ductal Type,Other (please specify)